{"loss": 0.08016739040613174, "_timestamp": 1670289306.1094966, "_runtime": 37.58200168609619, "_step": 31, "_wandb": {"runtime": 46}}